query,position,title,url,description,fetched_at
SMB hiring trends 2025,,"2025 SMB Insights: Confidence, Hiring, and Economic ...",https://www.upwork.com/resources/smb-report-q1-2025,SMBs have moderate hiring goals. While many organizations may implement hiring freezes or reduce head count during times of economic uncertainty ...,20250912_184959
SMB hiring trends 2025,,Press Releases,https://press.roberthalf.com/2024-11-13-Robert-Half-Research-Reveals-Key-Hiring-Challenges-for-Small-and-Midsize-Businesses-Heading-Into-2025,"Meeting salary demands, talent shortages and extended hiring cycles are top concerns among SMBs. MENLO PARK, Calif., Nov.",20250912_184959
SMB hiring trends 2025,,2025 Hiring Trends and Challenges,https://www.thelasallenetwork.com/2025-hiring-trends-and-challenges/,"Discover how SMBs and mid-market leaders tackle evolving hiring trends, technology, and retention in 2025. Gain insights from 1000+ leaders to stay ...",20250912_184959
SMB hiring trends 2025,,The Future of Recruiting 2025,https://business.linkedin.com/talent-solutions/resources/future-of-recruiting,"AI is reshaping hiring from the ground up, transforming the role of recruiters along the way. By automating time-consuming recruiting tasks, generative AI (GAI) ...",20250912_184959
SMB hiring trends 2025,,How SMBs Can Compete for Top Talent in a Global Hiring ...,https://www.remotepass.com/blog/how-smbs-can-compete-for-top-talent-in-a-global-hiring-market-in-2025,"From skills-based hiring and flexible work models to intensifying competition for top talent, discover key trends shaping 2025 and actionable strategies.",20250912_184959
SMB hiring trends 2025,,How to Improve Talent Acquisition for Growing SMBs in 2025,https://soteriahr.com/how-to-improve-talent-acquisition/,Common SMB bottlenecks include: Resume pileups waiting for hiring-manager review; Ghosted candidates after the first interview; Offers stuck in ...,20250912_184959
SMB hiring trends 2025,,Research,https://www.comptia.org/en-us/resources/research/,"CompTIA's State of the Tech Workforce Canada 2025 explores employment, trends, salaries, hiring, and economic impact.",20250912_184959
SMB hiring trends 2025,,7 Experts Predict Small Business Trends For 2025,https://www.forbes.com/sites/allbusiness/2025/01/06/7-leaders-predict-small-business-trends-for-2025/,2025 promises to be a year of groundbreaking opportunities and game-changing shifts for small business owners.,20250912_184959
SMB hiring trends 2025,,9 SMB Workplace Productivity Trends in 2025,https://www.rippling.com/en-AU/blog/workplace-productivity-trends-australia,"Summary: Top 2025 workplace productivity trends. Leaders expect more output per paid hour. Flexibility talk rises, but real change lags behind.",20250912_184959
SMB hiring trends 2025,,SMB Hiring Trend Continues,https://www.channelinsider.com/channel-business/channel-careers/smb-hiring-trend-continues/,"Climb Global Solutions reports 73% YoY sales growth in Q2 2025; CEO Dale Foster shares insights on scaling, ERP gains, marketplace focus, and vendor strategy.",20250912_184959
